Population,Phage,Inoculum,Timepoint,PopNumber,IsolateNumber,12-well Status,LiquidStatus,Notes,
cI26 Hi 1,cI26,Hi,3,1,1,S,S,,
cI26 Hi 1,cI26,Hi,3,1,2,R,R,,
cI26 Hi 1,cI26,Hi,3,1,3,R,R,,
cI26 Hi 1,cI26,Hi,3,1,4,R,R,,
cI26 Hi 1,cI26,Hi,3,1,5,S,S,,
cI26 Hi 1,cI26,Hi,3,1,6,R,R,,
cI26 Hi 1,cI26,Hi,3,1,7,S,S,,
cI26 Hi 1,cI26,Hi,3,1,8,S,S,,
cI26 Hi 1,cI26,Hi,3,1,9,S,S,,
cI26 Hi 1,cI26,Hi,3,1,10,R,R,,
cI26 Hi 1,cI26,Hi,3,1,11,R,R,,
cI26 Hi 1,cI26,Hi,3,1,12,S,S,,
cI26 Hi 2,cI26,Hi,3,2,1,R,R,,
cI26 Hi 2,cI26,Hi,3,2,2,S,S,,
cI26 Hi 2,cI26,Hi,3,2,3,R,R,,
cI26 Hi 2,cI26,Hi,3,2,4,R,R,,
cI26 Hi 2,cI26,Hi,3,2,5,S,S,,
cI26 Hi 2,cI26,Hi,3,2,6,R,R,,
cI26 Hi 2,cI26,Hi,3,2,7,S,P,,
cI26 Hi 2,cI26,Hi,3,2,8,S,S,,
cI26 Hi 2,cI26,Hi,3,2,9,S,S,,
cI26 Hi 2,cI26,Hi,3,2,10,R,R,,
cI26 Hi 2,cI26,Hi,3,2,11,S,S,,
cI26 Hi 2,cI26,Hi,3,2,12,S,S,,
cI26 Hi 3,cI26,Hi,3,3,1,R,R,,
cI26 Hi 3,cI26,Hi,3,3,2,R,R,,
cI26 Hi 3,cI26,Hi,3,3,3,R,R,,
cI26 Hi 3,cI26,Hi,3,3,4,R,R,,
cI26 Hi 3,cI26,Hi,3,3,5,R,R,,
cI26 Hi 3,cI26,Hi,3,3,6,R,R,,
cI26 Hi 3,cI26,Hi,3,3,7,R,R,,
cI26 Hi 3,cI26,Hi,3,3,8,R,R,,
cI26 Hi 3,cI26,Hi,3,3,9,R,R,,
cI26 Hi 3,cI26,Hi,3,3,10,R,R,,
cI26 Hi 3,cI26,Hi,3,3,11,R,R,,
cI26 Hi 3,cI26,Hi,3,3,12,S,R,"droplet is very faint but more than just leftover coffee stain effect. Initially I had it as ""?"" but I'm changing it to sensitive",
2811 Hi 1,2811,Hi,3,1,1,S,S,,
2811 Hi 1,2811,Hi,3,1,2,S,S,,
2811 Hi 1,2811,Hi,3,1,3,S,S,,
2811 Hi 1,2811,Hi,3,1,4,S,S,,
2811 Hi 1,2811,Hi,3,1,5,S,S,,
2811 Hi 1,2811,Hi,3,1,6,S,S,,
2811 Hi 1,2811,Hi,3,1,7,S,S,,
2811 Hi 1,2811,Hi,3,1,8,S,S,,
2811 Hi 1,2811,Hi,3,1,9,S,S,,
2811 Hi 1,2811,Hi,3,1,10,S,S,,
2811 Hi 1,2811,Hi,3,1,11,S,S,,
2811 Hi 1,2811,Hi,3,1,12,S,S,,
2811 Hi 3,2811,Hi,3,3,1,S,S,,
2811 Hi 3,2811,Hi,3,3,2,S,S,,
2811 Hi 3,2811,Hi,3,3,3,S,S,,
2811 Hi 3,2811,Hi,3,3,4,S,S,,
2811 Hi 3,2811,Hi,3,3,5,S,S,I re-ran this on 6/20 and its sensitive,
2811 Hi 3,2811,Hi,3,3,6,S,S,,
2811 Hi 3,2811,Hi,3,3,7,S,S,,
2811 Hi 3,2811,Hi,3,3,8,S,S,,
2811 Hi 3,2811,Hi,3,3,9,S,S,,
2811 Hi 3,2811,Hi,3,3,10,S,S,,
2811 Hi 3,2811,Hi,3,3,11,S,S,,
2811 Hi 3,2811,Hi,3,3,12,S,S,,
cI26 Hi 1,cI26,Hi,4,1,1,S,,,
cI26 Hi 1,cI26,Hi,4,1,2,R,,,
cI26 Hi 1,cI26,Hi,4,1,3,R,,,
cI26 Hi 1,cI26,Hi,4,1,4,S,,,
cI26 Hi 1,cI26,Hi,4,1,5,R,,,
cI26 Hi 1,cI26,Hi,4,1,6,S,,,
cI26 Hi 1,cI26,Hi,4,1,7,S,,,
cI26 Hi 1,cI26,Hi,4,1,8,R,,,
cI26 Hi 1,cI26,Hi,4,1,9,R,,,
cI26 Hi 1,cI26,Hi,4,1,10,R,,,
cI26 Hi 1,cI26,Hi,4,1,11,R,,,
cI26 Hi 1,cI26,Hi,4,1,12,R,,,
cI26 Hi 2,cI26,Hi,4,2,1,S,,,
cI26 Hi 2,cI26,Hi,4,2,2,R,,,
cI26 Hi 2,cI26,Hi,4,2,3,S,,,
cI26 Hi 2,cI26,Hi,4,2,4,S,,,
cI26 Hi 2,cI26,Hi,4,2,5,R,,,
cI26 Hi 2,cI26,Hi,4,2,6,R,,,
cI26 Hi 2,cI26,Hi,4,2,7,R,,,
cI26 Hi 2,cI26,Hi,4,2,8,R,,,
cI26 Hi 2,cI26,Hi,4,2,9,R,,,
cI26 Hi 2,cI26,Hi,4,2,10,S,,,
cI26 Hi 2,cI26,Hi,4,2,11,R,,,
cI26 Hi 2,cI26,Hi,4,2,12,S,,,
cI26 Hi 3,cI26,Hi,4,3,1,R,,,
cI26 Hi 3,cI26,Hi,4,3,2,R,,,
cI26 Hi 3,cI26,Hi,4,3,3,R,,,
cI26 Hi 3,cI26,Hi,4,3,4,R,,,
cI26 Hi 3,cI26,Hi,4,3,5,R,,,
cI26 Hi 3,cI26,Hi,4,3,6,R,,,
cI26 Hi 3,cI26,Hi,4,3,7,R,,,
cI26 Hi 3,cI26,Hi,4,3,8,R,,,
cI26 Hi 3,cI26,Hi,4,3,9,R,,,
cI26 Hi 3,cI26,Hi,4,3,10,R,,,
cI26 Hi 3,cI26,Hi,4,3,11,R,,,
cI26 Hi 3,cI26,Hi,4,3,12,R,,,
2811 Hi 1,2811,Hi,4,1,1,S,,,
2811 Hi 1,2811,Hi,4,1,2,S,,,
2811 Hi 1,2811,Hi,4,1,3,S,,,
2811 Hi 1,2811,Hi,4,1,4,S,,,
2811 Hi 1,2811,Hi,4,1,5,S,,,
2811 Hi 1,2811,Hi,4,1,6,S,,,
2811 Hi 1,2811,Hi,4,1,7,S,,,
2811 Hi 1,2811,Hi,4,1,8,S,,,
2811 Hi 1,2811,Hi,4,1,9,S,,,
2811 Hi 1,2811,Hi,4,1,10,S,,,
2811 Hi 1,2811,Hi,4,1,11,S,,,
2811 Hi 1,2811,Hi,4,1,12,S,,,
2811 Hi 2,2811,Hi,4,2,1,S,,,
2811 Hi 2,2811,Hi,4,2,2,S,,,
2811 Hi 2,2811,Hi,4,2,3,S,,,
2811 Hi 2,2811,Hi,4,2,4,S,,,
2811 Hi 2,2811,Hi,4,2,5,S,,,
2811 Hi 2,2811,Hi,4,2,6,S,,,
2811 Hi 2,2811,Hi,4,2,7,S,,,
2811 Hi 2,2811,Hi,4,2,8,S,,,
2811 Hi 2,2811,Hi,4,2,9,S,,,
2811 Hi 2,2811,Hi,4,2,10,S,,,
2811 Hi 2,2811,Hi,4,2,11,S,,,
2811 Hi 2,2811,Hi,4,2,12,S,,,
2811 Hi 3,2811,Hi,4,3,1,S,,,
2811 Hi 3,2811,Hi,4,3,2,S,,,
2811 Hi 3,2811,Hi,4,3,3,S,,,
2811 Hi 3,2811,Hi,4,3,4,S,,,
2811 Hi 3,2811,Hi,4,3,5,S,,,
2811 Hi 3,2811,Hi,4,3,6,S,,,
2811 Hi 3,2811,Hi,4,3,7,S,,,
2811 Hi 3,2811,Hi,4,3,8,S,,,
2811 Hi 3,2811,Hi,4,3,9,S,,,
2811 Hi 3,2811,Hi,4,3,10,S,,,
2811 Hi 3,2811,Hi,4,3,11,S,,,
2811 Hi 3,2811,Hi,4,3,12,S,,,
cI26 Hi 1,cI26,Hi,5,1,1,S,P,,
cI26 Hi 1,cI26,Hi,5,1,2,S,P,,
cI26 Hi 1,cI26,Hi,5,1,3,S,P,,
cI26 Hi 1,cI26,Hi,5,1,4,R,R,,
cI26 Hi 1,cI26,Hi,5,1,5,S,P,,
cI26 Hi 1,cI26,Hi,5,1,6,S,R,,
cI26 Hi 1,cI26,Hi,5,1,7,R,R,,
cI26 Hi 1,cI26,Hi,5,1,8,R,R,,
cI26 Hi 1,cI26,Hi,5,1,9,S,R,,
cI26 Hi 1,cI26,Hi,5,1,10,R,R,,
cI26 Hi 1,cI26,Hi,5,1,11,S,S,,
cI26 Hi 1,cI26,Hi,5,1,12,S,S,,
cI26 Hi 2,cI26,Hi,5,2,1,S,R,,
cI26 Hi 2,cI26,Hi,5,2,2,R,R,,
cI26 Hi 2,cI26,Hi,5,2,3,R,R,,
cI26 Hi 2,cI26,Hi,5,2,4,R,R,,
cI26 Hi 2,cI26,Hi,5,2,5,R,R,,
cI26 Hi 2,cI26,Hi,5,2,6,S,R,,
cI26 Hi 2,cI26,Hi,5,2,7,R,R,,
cI26 Hi 2,cI26,Hi,5,2,8,R,R,,
cI26 Hi 2,cI26,Hi,5,2,9,R,R,,
cI26 Hi 2,cI26,Hi,5,2,10,R,R,,
cI26 Hi 2,cI26,Hi,5,2,11,R,R,,
cI26 Hi 2,cI26,Hi,5,2,12,R,R,,
cI26 Hi 3,cI26,Hi,5,3,1,R,R,,
cI26 Hi 3,cI26,Hi,5,3,2,S,R,,
cI26 Hi 3,cI26,Hi,5,3,3,R,R,,
cI26 Hi 3,cI26,Hi,5,3,4,R,R,,
cI26 Hi 3,cI26,Hi,5,3,5,R,R,,
cI26 Hi 3,cI26,Hi,5,3,6,R,R,,
cI26 Hi 3,cI26,Hi,5,3,7,R,R,,
cI26 Hi 3,cI26,Hi,5,3,8,R,R,,
cI26 Hi 3,cI26,Hi,5,3,9,R,R,,
cI26 Hi 3,cI26,Hi,5,3,10,R,R,,
cI26 Hi 3,cI26,Hi,5,3,11,R,R,,
cI26 Hi 3,cI26,Hi,5,3,12,R,R,,
2811 Hi 1,2811,Hi,5,1,1,S,S,,
2811 Hi 1,2811,Hi,5,1,2,S,S,,
2811 Hi 1,2811,Hi,5,1,3,S,S,,
2811 Hi 1,2811,Hi,5,1,4,S,S,,
2811 Hi 1,2811,Hi,5,1,5,S,S,,
2811 Hi 1,2811,Hi,5,1,6,S,S,,
2811 Hi 1,2811,Hi,5,1,7,S,S,,
2811 Hi 1,2811,Hi,5,1,8,S,S,,
2811 Hi 1,2811,Hi,5,1,9,S,S,,
2811 Hi 1,2811,Hi,5,1,10,S,S,,
2811 Hi 1,2811,Hi,5,1,11,S,S,,
2811 Hi 1,2811,Hi,5,1,12,S,S,,
2811 Hi 2,2811,Hi,5,2,1,S,S,,
2811 Hi 2,2811,Hi,5,2,2,S,S,,
2811 Hi 2,2811,Hi,5,2,3,S,S,,
2811 Hi 2,2811,Hi,5,2,4,S,S,,
2811 Hi 2,2811,Hi,5,2,5,S,S,,
2811 Hi 2,2811,Hi,5,2,6,S,S,,
2811 Hi 2,2811,Hi,5,2,7,S,S,,
2811 Hi 2,2811,Hi,5,2,8,S,S,,
2811 Hi 2,2811,Hi,5,2,9,S,S,,
2811 Hi 2,2811,Hi,5,2,10,S,S,,
2811 Hi 2,2811,Hi,5,2,11,S,S,,
2811 Hi 2,2811,Hi,5,2,12,S,S,,
2811 Hi 3,2811,Hi,5,3,1,S,P,,
2811 Hi 3,2811,Hi,5,3,2,S,P,,
2811 Hi 3,2811,Hi,5,3,3,S,P,,
2811 Hi 3,2811,Hi,5,3,4,S,P,,
2811 Hi 3,2811,Hi,5,3,5,S,P,,
2811 Hi 3,2811,Hi,5,3,6,S,P,,
2811 Hi 3,2811,Hi,5,3,7,S,P,,
2811 Hi 3,2811,Hi,5,3,8,S,P,,
2811 Hi 3,2811,Hi,5,3,9,S,P,,
2811 Hi 3,2811,Hi,5,3,10,S,P,,
2811 Hi 3,2811,Hi,5,3,11,S,P,,
2811 Hi 3,2811,Hi,5,3,12,S,P,,
cI26 Hi 1,cI26,Hi,6,1,1,R,,,
cI26 Hi 1,cI26,Hi,6,1,2,R,,,
cI26 Hi 1,cI26,Hi,6,1,3,R,,,
cI26 Hi 1,cI26,Hi,6,1,4,R,,,
cI26 Hi 1,cI26,Hi,6,1,5,S,,,
cI26 Hi 1,cI26,Hi,6,1,6,R,,,
cI26 Hi 1,cI26,Hi,6,1,7,R,,,
cI26 Hi 1,cI26,Hi,6,1,8,R,,,
cI26 Hi 1,cI26,Hi,6,1,9,R,,,
cI26 Hi 1,cI26,Hi,6,1,10,S,,,
cI26 Hi 1,cI26,Hi,6,1,11,R,,,
cI26 Hi 1,cI26,Hi,6,1,12,S,,,
cI26 Hi 2,cI26,Hi,6,2,1,R,,,
cI26 Hi 2,cI26,Hi,6,2,2,R,,,
cI26 Hi 2,cI26,Hi,6,2,3,R,,,
cI26 Hi 2,cI26,Hi,6,2,4,R,,,
cI26 Hi 2,cI26,Hi,6,2,5,R,,,
cI26 Hi 2,cI26,Hi,6,2,6,R,,,
cI26 Hi 2,cI26,Hi,6,2,7,R,,,
cI26 Hi 2,cI26,Hi,6,2,8,R,,,
cI26 Hi 2,cI26,Hi,6,2,9,R,,,
cI26 Hi 2,cI26,Hi,6,2,10,R,,,
cI26 Hi 2,cI26,Hi,6,2,11,R,,,
cI26 Hi 2,cI26,Hi,6,2,12,R,,,
cI26 Hi 3,cI26,Hi,6,3,1,R,,,
cI26 Hi 3,cI26,Hi,6,3,2,R,,,
cI26 Hi 3,cI26,Hi,6,3,3,R,,,
cI26 Hi 3,cI26,Hi,6,3,4,R,,,
cI26 Hi 3,cI26,Hi,6,3,5,R,,,
cI26 Hi 3,cI26,Hi,6,3,6,R,,,
cI26 Hi 3,cI26,Hi,6,3,7,R,,,
cI26 Hi 3,cI26,Hi,6,3,8,R,,,
cI26 Hi 3,cI26,Hi,6,3,9,R,,,
cI26 Hi 3,cI26,Hi,6,3,10,R,,,
cI26 Hi 3,cI26,Hi,6,3,11,R,,,
cI26 Hi 3,cI26,Hi,6,3,12,R,,,
2811 Hi 1,2811,Hi,6,1,1,S,,,
2811 Hi 1,2811,Hi,6,1,2,S,,,
2811 Hi 1,2811,Hi,6,1,3,S,,,
2811 Hi 1,2811,Hi,6,1,4,S,,,
2811 Hi 1,2811,Hi,6,1,5,S,,,
2811 Hi 1,2811,Hi,6,1,6,S,,,
2811 Hi 1,2811,Hi,6,1,7,S,,,
2811 Hi 1,2811,Hi,6,1,8,S,,,
2811 Hi 1,2811,Hi,6,1,9,S,,,
2811 Hi 1,2811,Hi,6,1,10,S,,,
2811 Hi 1,2811,Hi,6,1,11,S,,,
2811 Hi 1,2811,Hi,6,1,12,S,,,
2811 Hi 2,2811,Hi,6,2,1,S,,,
2811 Hi 2,2811,Hi,6,2,2,S,,,
2811 Hi 2,2811,Hi,6,2,3,S,,,
2811 Hi 2,2811,Hi,6,2,4,S,,,
2811 Hi 2,2811,Hi,6,2,5,S,,,
2811 Hi 2,2811,Hi,6,2,6,S,,,
2811 Hi 2,2811,Hi,6,2,7,S,,,
2811 Hi 2,2811,Hi,6,2,8,S,,,
2811 Hi 2,2811,Hi,6,2,9,S,,,
2811 Hi 2,2811,Hi,6,2,10,S,,,
2811 Hi 2,2811,Hi,6,2,11,S,,,
2811 Hi 2,2811,Hi,6,2,12,S,,,
2811 Hi 3,2811,Hi,6,3,1,S,,"Pop 3 isolates now have tiny colonies. Not red, but a darker pink",
2811 Hi 3,2811,Hi,6,3,2,S,,"Pop 3 isolates now have tiny colonies. Not red, but a darker pink",
2811 Hi 3,2811,Hi,6,3,3,S,,"Pop 3 isolates now have tiny colonies. Not red, but a darker pink",
2811 Hi 3,2811,Hi,6,3,4,S,,"Pop 3 isolates now have tiny colonies. Not red, but a darker pink",
2811 Hi 3,2811,Hi,6,3,5,S,,"Pop 3 isolates now have tiny colonies. Not red, but a darker pink",
2811 Hi 3,2811,Hi,6,3,6,S,,"Pop 3 isolates now have tiny colonies. Not red, but a darker pink",
2811 Hi 3,2811,Hi,6,3,7,S,,"Pop 3 isolates now have tiny colonies. Not red, but a darker pink",
2811 Hi 3,2811,Hi,6,3,8,S,,"Pop 3 isolates now have tiny colonies. Not red, but a darker pink",
2811 Hi 3,2811,Hi,6,3,9,S,,"Pop 3 isolates now have tiny colonies. Not red, but a darker pink",
2811 Hi 3,2811,Hi,6,3,10,S,,"Pop 3 isolates now have tiny colonies. Not red, but a darker pink",
2811 Hi 3,2811,Hi,6,3,11,S,,"Pop 3 isolates now have tiny colonies. Not red, but a darker pink",
2811 Hi 3,2811,Hi,6,3,12,S,,"Pop 3 isolates now have tiny colonies. Not red, but a darker pink",
cI26 Hi 1,cI26,Hi,7,1,1,S,,definite clearing,
cI26 Hi 1,cI26,Hi,7,1,2,S,,very faint clearing,
cI26 Hi 1,cI26,Hi,7,1,3,S,,very faint clearing,
cI26 Hi 1,cI26,Hi,7,1,4,R,,,
cI26 Hi 1,cI26,Hi,7,1,5,R,,,
cI26 Hi 1,cI26,Hi,7,1,6,S,,very faint clearing,
cI26 Hi 1,cI26,Hi,7,1,7,R,,,
cI26 Hi 1,cI26,Hi,7,1,8,R,,,
cI26 Hi 1,cI26,Hi,7,1,9,S,,definite clearing,
cI26 Hi 1,cI26,Hi,7,1,10,S,,very faint clearing,
cI26 Hi 1,cI26,Hi,7,1,11,R,,,
cI26 Hi 1,cI26,Hi,7,1,12,R,,,
cI26 Hi 2,cI26,Hi,7,2,1,R,,,
cI26 Hi 2,cI26,Hi,7,2,2,R,,,
cI26 Hi 2,cI26,Hi,7,2,3,S,,very faint clearing,
cI26 Hi 2,cI26,Hi,7,2,4,S,,very faint clearing,
cI26 Hi 2,cI26,Hi,7,2,5,R,,,
cI26 Hi 2,cI26,Hi,7,2,6,R,,,
cI26 Hi 2,cI26,Hi,7,2,7,R,,,
cI26 Hi 2,cI26,Hi,7,2,8,R,,,
cI26 Hi 2,cI26,Hi,7,2,9,S,,very faint clearing,
cI26 Hi 2,cI26,Hi,7,2,10,R,,,
cI26 Hi 2,cI26,Hi,7,2,11,R,,,
cI26 Hi 2,cI26,Hi,7,2,12,R,,,
cI26 Hi 3,cI26,Hi,7,3,1,R,,,
cI26 Hi 3,cI26,Hi,7,3,2,S,,very faint clearing,
cI26 Hi 3,cI26,Hi,7,3,3,R,,,
cI26 Hi 3,cI26,Hi,7,3,4,R,,,
cI26 Hi 3,cI26,Hi,7,3,5,R,,,
cI26 Hi 3,cI26,Hi,7,3,6,R,,,
cI26 Hi 3,cI26,Hi,7,3,7,R,,,
cI26 Hi 3,cI26,Hi,7,3,8,R,,,
cI26 Hi 3,cI26,Hi,7,3,9,R,,,
cI26 Hi 3,cI26,Hi,7,3,10,R,,,
cI26 Hi 3,cI26,Hi,7,3,11,R,,,
cI26 Hi 3,cI26,Hi,7,3,12,R,,,
2811 Hi 1,2811,Hi,7,1,1,S,,,
2811 Hi 1,2811,Hi,7,1,2,S,,,
2811 Hi 2,2811,Hi,7,2,1,S,,,
2811 Hi 2,2811,Hi,7,2,2,S,,,
2811 Hi 2,2811,Hi,7,2,3,S,,,
2811 Hi 2,2811,Hi,7,2,4,S,,,
2811 Hi 2,2811,Hi,7,2,5,S,,,
2811 Hi 2,2811,Hi,7,2,6,S,,,
2811 Hi 2,2811,Hi,7,2,7,S,,,
2811 Hi 2,2811,Hi,7,2,8,S,,,
2811 Hi 2,2811,Hi,7,2,9,S,,,
2811 Hi 2,2811,Hi,7,2,10,S,,,
2811 Hi 2,2811,Hi,7,2,11,S,,,
2811 Hi 2,2811,Hi,7,2,12,S,,,
2811 Hi 3,2811,Hi,7,3,1,S,,"This populations isolates make small, darker pink colonies (as seen in previous time-point). It seems they might not grow as dense in the agar and that the clearings are slightly more turbid than, say, 2811 Hi pop 2",
2811 Hi 3,2811,Hi,7,3,2,S,,"This populations isolates make small, darker pink colonies (as seen in previous time-point). It seems they might not grow as dense in the agar and that the clearings are slightly more turbid than, say, 2811 Hi pop 2",
2811 Hi 3,2811,Hi,7,3,3,S,,"This populations isolates make small, darker pink colonies (as seen in previous time-point). It seems they might not grow as dense in the agar and that the clearings are slightly more turbid than, say, 2811 Hi pop 2",
2811 Hi 3,2811,Hi,7,3,4,S,,"This populations isolates make small, darker pink colonies (as seen in previous time-point). It seems they might not grow as dense in the agar and that the clearings are slightly more turbid than, say, 2811 Hi pop 2",
2811 Hi 3,2811,Hi,7,3,5,S,,"This populations isolates make small, darker pink colonies (as seen in previous time-point). It seems they might not grow as dense in the agar and that the clearings are slightly more turbid than, say, 2811 Hi pop 2",
2811 Hi 3,2811,Hi,7,3,6,S,,"This populations isolates make small, darker pink colonies (as seen in previous time-point). It seems they might not grow as dense in the agar and that the clearings are slightly more turbid than, say, 2811 Hi pop 2",
2811 Hi 3,2811,Hi,7,3,7,S,,"This populations isolates make small, darker pink colonies (as seen in previous time-point). It seems they might not grow as dense in the agar and that the clearings are slightly more turbid than, say, 2811 Hi pop 2",
2811 Hi 3,2811,Hi,7,3,8,S,,"This populations isolates make small, darker pink colonies (as seen in previous time-point). It seems they might not grow as dense in the agar and that the clearings are slightly more turbid than, say, 2811 Hi pop 2",
2811 Hi 3,2811,Hi,7,3,9,S,,"This populations isolates make small, darker pink colonies (as seen in previous time-point). It seems they might not grow as dense in the agar and that the clearings are slightly more turbid than, say, 2811 Hi pop 2",
2811 Hi 3,2811,Hi,7,3,10,S,,"This populations isolates make small, darker pink colonies (as seen in previous time-point). It seems they might not grow as dense in the agar and that the clearings are slightly more turbid than, say, 2811 Hi pop 2",
2811 Hi 3,2811,Hi,7,3,11,S,,"This populations isolates make small, darker pink colonies (as seen in previous time-point). It seems they might not grow as dense in the agar and that the clearings are slightly more turbid than, say, 2811 Hi pop 2",
2811 Hi 3,2811,Hi,7,3,12,S,,"This populations isolates make small, darker pink colonies (as seen in previous time-point). It seems they might not grow as dense in the agar and that the clearings are slightly more turbid than, say, 2811 Hi pop 2",
cI26 Hi 1,cI26,Hi,8,1,1,S,,,
cI26 Hi 1,cI26,Hi,8,1,2,S,,,
cI26 Hi 1,cI26,Hi,8,1,3,R,,,
cI26 Hi 1,cI26,Hi,8,1,4,R,,,
cI26 Hi 1,cI26,Hi,8,1,5,S,,,
cI26 Hi 1,cI26,Hi,8,1,6,S,,,
cI26 Hi 1,cI26,Hi,8,1,7,S,,,
cI26 Hi 1,cI26,Hi,8,1,8,S,,,
cI26 Hi 1,cI26,Hi,8,1,9,S,,,
cI26 Hi 1,cI26,Hi,8,1,10,R,,,
cI26 Hi 1,cI26,Hi,8,1,11,R,,,
cI26 Hi 1,cI26,Hi,8,1,12,R,,,
cI26 Hi 2,cI26,Hi,8,2,1,R,,,
cI26 Hi 2,cI26,Hi,8,2,2,R,,,
cI26 Hi 2,cI26,Hi,8,2,3,R,,,
cI26 Hi 2,cI26,Hi,8,2,4,R,,,
cI26 Hi 2,cI26,Hi,8,2,5,R,,,
cI26 Hi 2,cI26,Hi,8,2,6,R,,,
cI26 Hi 2,cI26,Hi,8,2,7,R,,,
cI26 Hi 2,cI26,Hi,8,2,8,R,,,
cI26 Hi 2,cI26,Hi,8,2,9,R,,,
cI26 Hi 2,cI26,Hi,8,2,10,R,,,
cI26 Hi 2,cI26,Hi,8,2,11,R,,,
cI26 Hi 2,cI26,Hi,8,2,12,R,,12-well plate resistance assay for this is on plate from T=9,
cI26 Hi 3,cI26,Hi,8,3,1,R,,,
cI26 Hi 3,cI26,Hi,8,3,2,R,,,
cI26 Hi 3,cI26,Hi,8,3,3,R,,,
cI26 Hi 3,cI26,Hi,8,3,4,R,,,
cI26 Hi 3,cI26,Hi,8,3,5,R,,,
cI26 Hi 3,cI26,Hi,8,3,6,R,,,
cI26 Hi 3,cI26,Hi,8,3,7,R,,,
cI26 Hi 3,cI26,Hi,8,3,8,R,,,
cI26 Hi 3,cI26,Hi,8,3,9,R,,,
cI26 Hi 3,cI26,Hi,8,3,10,R,,,
cI26 Hi 3,cI26,Hi,8,3,11,R,,,
cI26 Hi 3,cI26,Hi,8,3,12,R,,,
2811 Hi 1,2811,Hi,8,1,1,S,,,
2811 Hi 1,2811,Hi,8,1,2,S,,,
2811 Hi 1,2811,Hi,8,1,3,S,,,
2811 Hi 1,2811,Hi,8,1,4,S,,,
2811 Hi 1,2811,Hi,8,1,5,S,,,
2811 Hi 1,2811,Hi,8,1,6,S,,,
2811 Hi 1,2811,Hi,8,1,7,S,,,
2811 Hi 1,2811,Hi,8,1,8,S,,,
2811 Hi 1,2811,Hi,8,1,9,S,,,
2811 Hi 1,2811,Hi,8,1,10,S,,,
2811 Hi 1,2811,Hi,8,1,11,S,,,
2811 Hi 1,2811,Hi,8,1,12,S,,,
2811 Hi 2,2811,Hi,8,2,1,S,,,
2811 Hi 2,2811,Hi,8,2,2,S,,,
2811 Hi 2,2811,Hi,8,2,3,S,,,
2811 Hi 2,2811,Hi,8,2,4,S,,,
2811 Hi 2,2811,Hi,8,2,5,S,,,
2811 Hi 2,2811,Hi,8,2,6,S,,,
2811 Hi 2,2811,Hi,8,2,7,S,,,
2811 Hi 2,2811,Hi,8,2,8,S,,This one the streak and colonies are tiny and a darker pinkish,
2811 Hi 2,2811,Hi,8,2,9,S,,,
2811 Hi 2,2811,Hi,8,2,10,S,,,
2811 Hi 2,2811,Hi,8,2,11,S,,,
2811 Hi 2,2811,Hi,8,2,12,S,,,
2811 Hi 3,2811,Hi,8,3,1,S,,All the strains in this population product tiny colonies and most are a darker pink,
2811 Hi 3,2811,Hi,8,3,2,S,,All the strains in this population product tiny colonies and most are a darker pink,
2811 Hi 3,2811,Hi,8,3,3,S,,All the strains in this population product tiny colonies and most are a darker pink,
2811 Hi 3,2811,Hi,8,3,4,S,,All the strains in this population product tiny colonies and most are a darker pink,
2811 Hi 3,2811,Hi,8,3,5,S,,All the strains in this population product tiny colonies and most are a darker pink,
2811 Hi 3,2811,Hi,8,3,6,S,,All the strains in this population product tiny colonies and most are a darker pink,
2811 Hi 3,2811,Hi,8,3,7,S,,All the strains in this population product tiny colonies and most are a darker pink,
2811 Hi 3,2811,Hi,8,3,8,S,,All the strains in this population product tiny colonies and most are a darker pink,
2811 Hi 3,2811,Hi,8,3,9,S,,All the strains in this population product tiny colonies and most are a darker pink,
2811 Hi 3,2811,Hi,8,3,10,S,,All the strains in this population product tiny colonies and most are a darker pink,
2811 Hi 3,2811,Hi,8,3,11,S,,All the strains in this population product tiny colonies and most are a darker pink,
2811 Hi 3,2811,Hi,8,3,12,S,,All the strains in this population product tiny colonies and most are a darker pink,
cI26 Hi 1,cI26,Hi,9,1,1,R,,,
cI26 Hi 1,cI26,Hi,9,1,2,R,,,
cI26 Hi 1,cI26,Hi,9,1,3,R,,,
cI26 Hi 1,cI26,Hi,9,1,4,R,,,
cI26 Hi 1,cI26,Hi,9,1,5,R,,,
cI26 Hi 1,cI26,Hi,9,1,6,R,,,
cI26 Hi 1,cI26,Hi,9,1,7,R,,,
cI26 Hi 1,cI26,Hi,9,1,8,R,,,
cI26 Hi 1,cI26,Hi,9,1,9,R,,,
cI26 Hi 1,cI26,Hi,9,1,10,R,,,
cI26 Hi 1,cI26,Hi,9,1,11,R,,,
cI26 Hi 1,cI26,Hi,9,1,12,R,,,
cI26 Hi 2,cI26,Hi,9,2,1,R,,,
cI26 Hi 2,cI26,Hi,9,2,2,R,,,
cI26 Hi 2,cI26,Hi,9,2,3,R,,,
cI26 Hi 2,cI26,Hi,9,2,4,R,,,
cI26 Hi 2,cI26,Hi,9,2,5,R,,,
cI26 Hi 2,cI26,Hi,9,2,6,R,,,
cI26 Hi 2,cI26,Hi,9,2,7,R,,,
cI26 Hi 2,cI26,Hi,9,2,8,R,,,
cI26 Hi 2,cI26,Hi,9,2,9,R,,,
cI26 Hi 2,cI26,Hi,9,2,10,R,,,
cI26 Hi 2,cI26,Hi,9,2,11,R,,,
cI26 Hi 2,cI26,Hi,9,2,12,R,,,
cI26 Hi 3,cI26,Hi,9,3,1,R,,,
cI26 Hi 3,cI26,Hi,9,3,2,R,,,
cI26 Hi 3,cI26,Hi,9,3,3,R,,,
cI26 Hi 3,cI26,Hi,9,3,4,R,,,
cI26 Hi 3,cI26,Hi,9,3,5,R,,,
cI26 Hi 3,cI26,Hi,9,3,6,R,,,
cI26 Hi 3,cI26,Hi,9,3,7,R,,,
cI26 Hi 3,cI26,Hi,9,3,8,R,,,
cI26 Hi 3,cI26,Hi,9,3,9,R,,,
cI26 Hi 3,cI26,Hi,9,3,10,R,,,
cI26 Hi 3,cI26,Hi,9,3,11,R,,,
cI26 Hi 3,cI26,Hi,9,3,12,R,,,
2811 Hi 1,2811,Hi,9,1,1,S,,Only managed to streak out 2 isolates from this population,
2811 Hi 1,2811,Hi,9,1,2,S,,Only managed to streak out 2 isolates from this population,
2811 Hi 2,2811,Hi,9,2,1,S,,,
2811 Hi 2,2811,Hi,9,2,2,S,,,
2811 Hi 2,2811,Hi,9,2,3,S,,,
2811 Hi 2,2811,Hi,9,2,4,S,,,
2811 Hi 2,2811,Hi,9,2,5,S,,,
2811 Hi 2,2811,Hi,9,2,6,S,,,
2811 Hi 2,2811,Hi,9,2,7,S,,,
2811 Hi 2,2811,Hi,9,2,8,S,,,
2811 Hi 2,2811,Hi,9,2,9,S,,,
2811 Hi 2,2811,Hi,9,2,10,S,,,
2811 Hi 2,2811,Hi,9,2,11,S,,,
2811 Hi 2,2811,Hi,9,2,12,S,,,
2811 Hi 3,2811,Hi,9,3,1,S,,This population is very hard to discern based on colony color because they are tiny and darker pinks now,
2811 Hi 3,2811,Hi,9,3,2,S,,This population is very hard to discern based on colony color because they are tiny and darker pinks now,
2811 Hi 3,2811,Hi,9,3,3,S,,This population is very hard to discern based on colony color because they are tiny and darker pinks now,
2811 Hi 3,2811,Hi,9,3,4,S,,This population is very hard to discern based on colony color because they are tiny and darker pinks now,
2811 Hi 3,2811,Hi,9,3,5,S,,This population is very hard to discern based on colony color because they are tiny and darker pinks now,
2811 Hi 3,2811,Hi,9,3,6,S,,This population is very hard to discern based on colony color because they are tiny and darker pinks now,
2811 Hi 3,2811,Hi,9,3,7,S,,This population is very hard to discern based on colony color because they are tiny and darker pinks now,
2811 Hi 3,2811,Hi,9,3,8,S,,This population is very hard to discern based on colony color because they are tiny and darker pinks now,
2811 Hi 3,2811,Hi,9,3,9,S,,This population is very hard to discern based on colony color because they are tiny and darker pinks now,
2811 Hi 3,2811,Hi,9,3,10,S,,This population is very hard to discern based on colony color because they are tiny and darker pinks now,
2811 Hi 3,2811,Hi,9,3,11,S,,This population is very hard to discern based on colony color because they are tiny and darker pinks now,
2811 Hi 3,2811,Hi,9,3,12,S,,This population is very hard to discern based on colony color because they are tiny and darker pinks now,
cI26 Hi 1,cI26,Hi,10,1,1,R,R,,
cI26 Hi 1,cI26,Hi,10,1,2,R,R,,
cI26 Hi 1,cI26,Hi,10,1,3,R,R,,
cI26 Hi 1,cI26,Hi,10,1,4,R,R,,
cI26 Hi 1,cI26,Hi,10,1,5,R,R,,
cI26 Hi 1,cI26,Hi,10,1,6,R,R,,
cI26 Hi 1,cI26,Hi,10,1,7,R,R,,
cI26 Hi 1,cI26,Hi,10,1,8,R,R,,
cI26 Hi 1,cI26,Hi,10,1,9,R,R,,
cI26 Hi 1,cI26,Hi,10,1,10,R,R,,
cI26 Hi 1,cI26,Hi,10,1,11,R,R,,
cI26 Hi 1,cI26,Hi,10,1,12,R,R,,
cI26 Hi 2,cI26,Hi,10,2,1,R,R,,
cI26 Hi 2,cI26,Hi,10,2,2,R,R,,
cI26 Hi 2,cI26,Hi,10,2,3,R,R,,
cI26 Hi 2,cI26,Hi,10,2,4,R,R,,
cI26 Hi 2,cI26,Hi,10,2,5,R,R,,
cI26 Hi 2,cI26,Hi,10,2,6,R,R,,
cI26 Hi 2,cI26,Hi,10,2,7,R,R,,
cI26 Hi 2,cI26,Hi,10,2,8,R,R,,
cI26 Hi 2,cI26,Hi,10,2,9,R,R,,
cI26 Hi 2,cI26,Hi,10,2,10,R,R,,
cI26 Hi 2,cI26,Hi,10,2,11,R,R,,
cI26 Hi 2,cI26,Hi,10,2,12,R,R,,
cI26 Hi 3,cI26,Hi,10,3,1,R,R,,
cI26 Hi 3,cI26,Hi,10,3,2,R,R,,
cI26 Hi 3,cI26,Hi,10,3,3,R,R,,
cI26 Hi 3,cI26,Hi,10,3,4,R,R,,
cI26 Hi 3,cI26,Hi,10,3,5,R,R,,
cI26 Hi 3,cI26,Hi,10,3,6,R,R,,
cI26 Hi 3,cI26,Hi,10,3,7,R,R,,
cI26 Hi 3,cI26,Hi,10,3,8,R,R,,
cI26 Hi 3,cI26,Hi,10,3,9,R,R,,
cI26 Hi 3,cI26,Hi,10,3,10,R,R,,
cI26 Hi 3,cI26,Hi,10,3,11,R,R,,
cI26 Hi 3,cI26,Hi,10,3,12,R,R,,
2811 Hi 1,2811,Hi,10,1,1,S,S,,
2811 Hi 1,2811,Hi,10,1,2,S,S,,
2811 Hi 1,2811,Hi,10,1,3,S,S,,
2811 Hi 1,2811,Hi,10,1,4,S,S,,
2811 Hi 1,2811,Hi,10,1,5,S,S,,
2811 Hi 1,2811,Hi,10,1,6,S,S,,
2811 Hi 1,2811,Hi,10,1,7,S,S,,
2811 Hi 1,2811,Hi,10,1,8,S,S,,
2811 Hi 1,2811,Hi,10,1,9,S,S,,
2811 Hi 1,2811,Hi,10,1,10,S,S,,
2811 Hi 1,2811,Hi,10,1,11,S,S,,
2811 Hi 1,2811,Hi,10,1,12,S,S,,
2811 Hi 2,2811,Hi,10,2,1,S,S,,
2811 Hi 2,2811,Hi,10,2,2,S,S,,
2811 Hi 3,2811,Hi,10,3,1,S,P,"Tiny colonies, pretty red",
2811 Hi 3,2811,Hi,10,3,2,S,P,"Tiny colonies, pretty red",
2811 Hi 3,2811,Hi,10,3,3,S,P,"Tiny colonies, pretty red",
2811 Hi 3,2811,Hi,10,3,4,S,P,"Tiny colonies, pretty red",
2811 Hi 3,2811,Hi,10,3,5,S,P,"Tiny colonies, dark pink",
2811 Hi 3,2811,Hi,10,3,6,S,P,"Tiny colonies, dark pink",
2811 Hi 3,2811,Hi,10,3,7,S,P,"Small colonies, pink",
2811 Hi 3,2811,Hi,10,3,8,S,P,"Small colonies, pink",
2811 Hi 3,2811,Hi,10,3,9,S,P,"Small colonies, pink",
cI26 Hi 1,cI26,Hi,15,1,1,S,P,,
cI26 Hi 1,cI26,Hi,15,1,2,R,R,,
cI26 Hi 1,cI26,Hi,15,1,3,R,R,,
cI26 Hi 1,cI26,Hi,15,1,4,S,R,,
cI26 Hi 1,cI26,Hi,15,1,5,R,R,,
cI26 Hi 1,cI26,Hi,15,1,6,R,R,,
cI26 Hi 1,cI26,Hi,15,1,7,R,R,,
cI26 Hi 1,cI26,Hi,15,1,8,R,R,,
cI26 Hi 1,cI26,Hi,15,1,9,R,R,,
cI26 Hi 1,cI26,Hi,15,1,10,R,R,,
cI26 Hi 1,cI26,Hi,15,1,11,S,R,,
cI26 Hi 1,cI26,Hi,15,1,12,R,R,,
cI26 Hi 2,cI26,Hi,15,2,1,R,R,,
cI26 Hi 2,cI26,Hi,15,2,2,R,R,,
cI26 Hi 2,cI26,Hi,15,2,3,R,R,,
cI26 Hi 2,cI26,Hi,15,2,4,R,R,,
cI26 Hi 2,cI26,Hi,15,2,5,R,R,,
cI26 Hi 2,cI26,Hi,15,2,6,R,R,,
cI26 Hi 2,cI26,Hi,15,2,7,R,R,,
cI26 Hi 2,cI26,Hi,15,2,8,R,R,,
cI26 Hi 2,cI26,Hi,15,2,9,R,R,,
cI26 Hi 2,cI26,Hi,15,2,10,R,R,,
cI26 Hi 2,cI26,Hi,15,2,11,R,R,,
cI26 Hi 2,cI26,Hi,15,2,12,R,R,,
cI26 Hi 3,cI26,Hi,15,3,1,R,R,,
cI26 Hi 3,cI26,Hi,15,3,2,R,R,,
cI26 Hi 3,cI26,Hi,15,3,3,R,R,,
cI26 Hi 3,cI26,Hi,15,3,4,R,R,,
cI26 Hi 3,cI26,Hi,15,3,5,R,R,,
cI26 Hi 3,cI26,Hi,15,3,6,R,R,,
cI26 Hi 3,cI26,Hi,15,3,7,R,R,,
cI26 Hi 3,cI26,Hi,15,3,8,R,R,,
cI26 Hi 3,cI26,Hi,15,3,9,S,R,,
cI26 Hi 3,cI26,Hi,15,3,10,R,R,,
cI26 Hi 3,cI26,Hi,15,3,11,R,R,,
cI26 Hi 3,cI26,Hi,15,3,12,R,R,,
2811 Hi 1,2811,Hi,15,1,1,S,S,,
2811 Hi 1,2811,Hi,15,1,2,S,S,,
2811 Hi 1,2811,Hi,15,1,3,S,S,,
2811 Hi 1,2811,Hi,15,1,4,S,S,,
2811 Hi 2,2811,Hi,15,2,1,S,P,barely partial resistant--but more than the sensitive REL606 control,
2811 Hi 2,2811,Hi,15,2,2,S,P,barely partial resistant--but more than the sensitive REL606 control,
2811 Hi 2,2811,Hi,15,2,3,S,P,barely partial resistant--but more than the sensitive REL606 control,
2811 Hi 2,2811,Hi,15,2,4,S,P,barely partial resistant--but more than the sensitive REL606 control,
2811 Hi 2,2811,Hi,15,2,5,S,P,barely partial resistant--but more than the sensitive REL606 control,
2811 Hi 2,2811,Hi,15,2,6,S,P,barely partial resistant--but more than the sensitive REL606 control,
2811 Hi 2,2811,Hi,15,2,7,S,P,barely partial resistant--but more than the sensitive REL606 control,
2811 Hi 2,2811,Hi,15,2,8,S,P,barely partial resistant--but more than the sensitive REL606 control,
2811 Hi 2,2811,Hi,15,2,9,S,P,barely partial resistant--but more than the sensitive REL606 control,
2811 Hi 2,2811,Hi,15,2,10,S,P,barely partial resistant--but more than the sensitive REL606 control,
2811 Hi 2,2811,Hi,15,2,11,S,P,barely partial resistant--but more than the sensitive REL606 control,
2811 Hi 2,2811,Hi,15,2,12,S,P,barely partial resistant--but more than the sensitive REL606 control,
2811 Hi 3,2811,Hi,15,3,1,S,P,Similar as population 2 (above),
2811 Hi 3,2811,Hi,15,3,2,R,R,Similar as population 2 (above) no observable color difference between this resistance one and other sensitive,
2811 Hi 3,2811,Hi,15,3,3,S,P,Similar as population 2 (above),
2811 Hi 3,2811,Hi,15,3,4,S,P,Similar as population 2 (above),
2811 Hi 3,2811,Hi,15,3,5,S,P,Similar as population 2 (above),
2811 Hi 3,2811,Hi,15,3,6,S,P,Similar as population 2 (above),
2811 Hi 3,2811,Hi,15,3,7,S,P,Similar as population 2 (above),
2811 Hi 3,2811,Hi,15,3,8,S,P,Similar as population 2 (above),
2811 Hi 3,2811,Hi,15,3,9,S,P,Similar as population 2 (above),
2811 Hi 3,2811,Hi,15,3,10,S,P,Similar as population 2 (above),
2811 Hi 3,2811,Hi,15,3,11,S,P,Similar as population 2 (above),
2811 Hi 3,2811,Hi,15,3,12,R,R,Similar as population 2 (above) no observable color difference between this resistance one and other sensitive,
cI26 Hi 1,cI26,Hi,20,1,1,R,R,"Interesting. All of the strains from this population are a pink-ish, but I guess totally resistant to the ancestor. This is especially resistant as I was finding that resistance at T=10 for some isolates were single mutational steps away for phage to infect (suggesting not malT/LamB resistance)",
cI26 Hi 1,cI26,Hi,20,1,2,R,R,"Interesting. All of the strains from this population are a pink-ish, but I guess totally resistant to the ancestor. This is especially resistant as I was finding that resistance at T=10 for some isolates were single mutational steps away for phage to infect (suggesting not malT/LamB resistance)",
cI26 Hi 1,cI26,Hi,20,1,3,R,R,"Interesting. All of the strains from this population are a pink-ish, but I guess totally resistant to the ancestor. This is especially resistant as I was finding that resistance at T=10 for some isolates were single mutational steps away for phage to infect (suggesting not malT/LamB resistance)",
cI26 Hi 1,cI26,Hi,20,1,4,R,R,"Interesting. All of the strains from this population are a pink-ish, but I guess totally resistant to the ancestor. This is especially resistant as I was finding that resistance at T=10 for some isolates were single mutational steps away for phage to infect (suggesting not malT/LamB resistance)",
cI26 Hi 1,cI26,Hi,20,1,5,R,R,"Interesting. All of the strains from this population are a pink-ish, but I guess totally resistant to the ancestor. This is especially resistant as I was finding that resistance at T=10 for some isolates were single mutational steps away for phage to infect (suggesting not malT/LamB resistance)",
cI26 Hi 1,cI26,Hi,20,1,6,R,R,"Interesting. All of the strains from this population are a pink-ish, but I guess totally resistant to the ancestor. This is especially resistant as I was finding that resistance at T=10 for some isolates were single mutational steps away for phage to infect (suggesting not malT/LamB resistance)",
cI26 Hi 1,cI26,Hi,20,1,7,R,R,"Interesting. All of the strains from this population are a pink-ish, but I guess totally resistant to the ancestor. This is especially resistant as I was finding that resistance at T=10 for some isolates were single mutational steps away for phage to infect (suggesting not malT/LamB resistance)",
cI26 Hi 1,cI26,Hi,20,1,8,R,R,"Interesting. All of the strains from this population are a pink-ish, but I guess totally resistant to the ancestor. This is especially resistant as I was finding that resistance at T=10 for some isolates were single mutational steps away for phage to infect (suggesting not malT/LamB resistance)",
cI26 Hi 1,cI26,Hi,20,1,9,R,R,"Interesting. All of the strains from this population are a pink-ish, but I guess totally resistant to the ancestor. This is especially resistant as I was finding that resistance at T=10 for some isolates were single mutational steps away for phage to infect (suggesting not malT/LamB resistance)",
cI26 Hi 1,cI26,Hi,20,1,10,R,R,"Interesting. All of the strains from this population are a pink-ish, but I guess totally resistant to the ancestor. This is especially resistant as I was finding that resistance at T=10 for some isolates were single mutational steps away for phage to infect (suggesting not malT/LamB resistance)",
cI26 Hi 1,cI26,Hi,20,1,11,R,R,"Interesting. All of the strains from this population are a pink-ish, but I guess totally resistant to the ancestor. This is especially resistant as I was finding that resistance at T=10 for some isolates were single mutational steps away for phage to infect (suggesting not malT/LamB resistance)",
cI26 Hi 1,cI26,Hi,20,1,12,R,R,"Interesting. All of the strains from this population are a pink-ish, but I guess totally resistant to the ancestor. This is especially resistant as I was finding that resistance at T=10 for some isolates were single mutational steps away for phage to infect (suggesting not malT/LamB resistance)",
cI26 Hi 2,cI26,Hi,20,2,1,R,R,,
cI26 Hi 2,cI26,Hi,20,2,2,R,R,,
cI26 Hi 2,cI26,Hi,20,2,3,R,R,,
cI26 Hi 2,cI26,Hi,20,2,4,R,R,,
cI26 Hi 2,cI26,Hi,20,2,5,S,R,"Confused why this one showed up with sensitivity when on a plate it’s a very red colony, just like all the others. Could it have reverted to sensitivity in an overnight culture? Unlikely…",
cI26 Hi 2,cI26,Hi,20,2,6,R,R,,
cI26 Hi 2,cI26,Hi,20,2,7,R,R,,
cI26 Hi 2,cI26,Hi,20,2,8,R,R,,
cI26 Hi 2,cI26,Hi,20,2,9,R,R,,
cI26 Hi 2,cI26,Hi,20,2,10,R,R,,
cI26 Hi 2,cI26,Hi,20,2,11,R,R,,
cI26 Hi 2,cI26,Hi,20,2,12,R,R,,
cI26 Hi 3,cI26,Hi,20,3,1,R,R,,
cI26 Hi 3,cI26,Hi,20,3,2,R,R,,
cI26 Hi 3,cI26,Hi,20,3,3,R,R,,
cI26 Hi 3,cI26,Hi,20,3,4,R,R,,
cI26 Hi 3,cI26,Hi,20,3,5,R,R,,
cI26 Hi 3,cI26,Hi,20,3,6,R,R,,
cI26 Hi 3,cI26,Hi,20,3,7,R,R,,
cI26 Hi 3,cI26,Hi,20,3,8,R,R,,
cI26 Hi 3,cI26,Hi,20,3,9,R,R,,
cI26 Hi 3,cI26,Hi,20,3,10,R,R,,
cI26 Hi 3,cI26,Hi,20,3,11,R,R,,
cI26 Hi 3,cI26,Hi,20,3,12,R,R,,
2811 Hi 1,2811,Hi,20,1,1,S,S,"Strangely, all of these colonies are not just pink--but large. This is opposite of phenotype in population 2 and especially 3",
2811 Hi 1,2811,Hi,20,1,2,S,S,"Strangely, all of these colonies are not just pink--but large. This is opposite of phenotype in population 2 and especially 3",
2811 Hi 1,2811,Hi,20,1,3,S,S,"Strangely, all of these colonies are not just pink--but large. This is opposite of phenotype in population 2 and especially 3",
2811 Hi 1,2811,Hi,20,1,4,S,S,"Strangely, all of these colonies are not just pink--but large. This is opposite of phenotype in population 2 and especially 3",
2811 Hi 1,2811,Hi,20,1,5,S,S,"Strangely, all of these colonies are not just pink--but large. This is opposite of phenotype in population 2 and especially 3",
2811 Hi 1,2811,Hi,20,1,6,S,S,"Strangely, all of these colonies are not just pink--but large. This is opposite of phenotype in population 2 and especially 3",
2811 Hi 1,2811,Hi,20,1,7,S,S,"Strangely, all of these colonies are not just pink--but large. This is opposite of phenotype in population 2 and especially 3",
2811 Hi 1,2811,Hi,20,1,8,S,S,"Strangely, all of these colonies are not just pink--but large. This is opposite of phenotype in population 2 and especially 3",
2811 Hi 1,2811,Hi,20,1,9,S,S,"Strangely, all of these colonies are not just pink--but large. This is opposite of phenotype in population 2 and especially 3",
2811 Hi 1,2811,Hi,20,1,10,S,S,"Strangely, all of these colonies are not just pink--but large. This is opposite of phenotype in population 2 and especially 3",
2811 Hi 1,2811,Hi,20,1,11,S,S,"Strangely, all of these colonies are not just pink--but large. This is opposite of phenotype in population 2 and especially 3",
2811 Hi 1,2811,Hi,20,1,12,S,S,"Strangely, all of these colonies are not just pink--but large. This is opposite of phenotype in population 2 and especially 3",
2811 Hi 2,2811,Hi,20,2,1,S,P,"Tiny colonies, still very pink",
2811 Hi 2,2811,Hi,20,2,2,S,P,"Tiny colonies, still very pink",
2811 Hi 2,2811,Hi,20,2,3,S,P,"Tiny colonies, still very pink",
2811 Hi 2,2811,Hi,20,2,4,S,P,"Tiny colonies, still very pink",
2811 Hi 2,2811,Hi,20,2,5,S,P,"Tiny colonies, still very pink",
2811 Hi 2,2811,Hi,20,2,6,S,P,"Tiny colonies, still very pink",
2811 Hi 2,2811,Hi,20,2,7,S,P,"Tiny colonies, still very pink",
2811 Hi 2,2811,Hi,20,2,8,S,P,"Tiny colonies, still very pink",
2811 Hi 2,2811,Hi,20,2,9,S,P,"Tiny colonies, still very pink",
2811 Hi 2,2811,Hi,20,2,10,S,P,"Tiny colonies, still very pink",
2811 Hi 2,2811,Hi,20,2,11,S,P,"Tiny colonies, still very pink",
2811 Hi 2,2811,Hi,20,2,12,S,P,"Tiny colonies, still very pink",
2811 Hi 3,2811,Hi,20,3,1,R,R,"In 12-well plate, no sign of killing in spot. All bacteria lawn overlays are less dense, likely due to much lower growth rate. This would agree with tiny colony morphology",
2811 Hi 3,2811,Hi,20,3,2,R,R,"In 12-well plate, no sign of killing in spot. All bacteria lawn overlays are less dense, likely due to much lower growth rate. This would agree with tiny colony morphology",
2811 Hi 3,2811,Hi,20,3,3,R,R,"In 12-well plate, no sign of killing in spot. All bacteria lawn overlays are less dense, likely due to much lower growth rate. This would agree with tiny colony morphology",
2811 Hi 3,2811,Hi,20,3,4,R,R,"In 12-well plate, no sign of killing in spot. All bacteria lawn overlays are less dense, likely due to much lower growth rate. This would agree with tiny colony morphology",
2811 Hi 3,2811,Hi,20,3,5,R,R,"In 12-well plate, no sign of killing in spot. All bacteria lawn overlays are less dense, likely due to much lower growth rate. This would agree with tiny colony morphology",
2811 Hi 3,2811,Hi,20,3,6,R,R,"In 12-well plate, no sign of killing in spot. All bacteria lawn overlays are less dense, likely due to much lower growth rate. This would agree with tiny colony morphology",
2811 Hi 3,2811,Hi,20,3,7,R,R,"In 12-well plate, no sign of killing in spot. All bacteria lawn overlays are less dense, likely due to much lower growth rate. This would agree with tiny colony morphology",
2811 Hi 3,2811,Hi,20,3,8,R,R,"In 12-well plate, no sign of killing in spot. All bacteria lawn overlays are less dense, likely due to much lower growth rate. This would agree with tiny colony morphology",
2811 Hi 3,2811,Hi,20,3,9,R,R,"In 12-well plate, no sign of killing in spot. All bacteria lawn overlays are less dense, likely due to much lower growth rate. This would agree with tiny colony morphology",
2811 Hi 3,2811,Hi,20,3,10,R,R,"In 12-well plate, no sign of killing in spot. All bacteria lawn overlays are less dense, likely due to much lower growth rate. This would agree with tiny colony morphology",
2811 Hi 3,2811,Hi,20,3,11,R,R,"In 12-well plate, no sign of killing in spot. All bacteria lawn overlays are less dense, likely due to much lower growth rate. This would agree with tiny colony morphology",
2811 Hi 3,2811,Hi,20,3,12,R,R,"In 12-well plate, no sign of killing in spot. All bacteria lawn overlays are less dense, likely due to much lower growth rate. This would agree with tiny colony morphology",
cI26 Hi 1,cI26,Hi,25,1,1,R,R,,
cI26 Hi 1,cI26,Hi,25,1,2,R,R,,
cI26 Hi 1,cI26,Hi,25,1,3,R,R,,
cI26 Hi 1,cI26,Hi,25,1,4,R,R,,
cI26 Hi 1,cI26,Hi,25,1,5,R,R,,
cI26 Hi 1,cI26,Hi,25,1,6,R,R,,
cI26 Hi 1,cI26,Hi,25,1,7,R,R,,
cI26 Hi 1,cI26,Hi,25,1,8,R,R,,
cI26 Hi 1,cI26,Hi,25,1,9,R,R,,
cI26 Hi 1,cI26,Hi,25,1,10,R,R,,
cI26 Hi 1,cI26,Hi,25,1,11,R,R,,
cI26 Hi 1,cI26,Hi,25,1,12,R,R,,
cI26 Hi 2,cI26,Hi,25,2,1,R,R,,
cI26 Hi 2,cI26,Hi,25,2,2,R,R,,
cI26 Hi 2,cI26,Hi,25,2,3,R,R,,
cI26 Hi 2,cI26,Hi,25,2,4,S,R,,
cI26 Hi 2,cI26,Hi,25,2,5,R,R,,
cI26 Hi 2,cI26,Hi,25,2,6,R,R,,
cI26 Hi 2,cI26,Hi,25,2,7,R,R,,
cI26 Hi 2,cI26,Hi,25,2,8,R,R,,
cI26 Hi 2,cI26,Hi,25,2,9,R,R,,
cI26 Hi 2,cI26,Hi,25,2,10,R,R,,
cI26 Hi 2,cI26,Hi,25,2,11,R,R,,
cI26 Hi 2,cI26,Hi,25,2,12,R,R,,
cI26 Hi 3,cI26,Hi,25,3,1,R,R,,
cI26 Hi 3,cI26,Hi,25,3,2,R,R,,
cI26 Hi 3,cI26,Hi,25,3,3,R,R,,
cI26 Hi 3,cI26,Hi,25,3,4,R,R,,
cI26 Hi 3,cI26,Hi,25,3,5,R,R,,
cI26 Hi 3,cI26,Hi,25,3,6,R,R,,
cI26 Hi 3,cI26,Hi,25,3,7,R,R,,
cI26 Hi 3,cI26,Hi,25,3,8,R,R,,
cI26 Hi 3,cI26,Hi,25,3,9,R,R,,
cI26 Hi 3,cI26,Hi,25,3,10,R,R,,
cI26 Hi 3,cI26,Hi,25,3,11,R,R,,
cI26 Hi 3,cI26,Hi,25,3,12,R,R,,
2811 Hi 1,2811,Hi,25,1,1,S,P,colonies still a pretty light pink but they are much smaller than T=15,
2811 Hi 1,2811,Hi,25,1,2,S,P,colonies still a pretty light pink but they are much smaller than T=15,
2811 Hi 1,2811,Hi,25,1,3,S,P,colonies still a pretty light pink but they are much smaller than T=15,
2811 Hi 1,2811,Hi,25,1,4,S,P,colonies still a pretty light pink but they are much smaller than T=15,
2811 Hi 1,2811,Hi,25,1,5,S,P,colonies still a pretty light pink but they are much smaller than T=15,
2811 Hi 1,2811,Hi,25,1,6,S,P,colonies still a pretty light pink but they are much smaller than T=15,
2811 Hi 1,2811,Hi,25,1,7,S,P,colonies still a pretty light pink but they are much smaller than T=15,
2811 Hi 1,2811,Hi,25,1,8,S,P,colonies still a pretty light pink but they are much smaller than T=15,
2811 Hi 1,2811,Hi,25,1,9,S,P,colonies still a pretty light pink but they are much smaller than T=15,
2811 Hi 1,2811,Hi,25,1,10,S,P,colonies still a pretty light pink but they are much smaller than T=15,
2811 Hi 1,2811,Hi,25,1,11,S,P,colonies still a pretty light pink but they are much smaller than T=15,
2811 Hi 1,2811,Hi,25,1,12,S,P,colonies still a pretty light pink but they are much smaller than T=15,
2811 Hi 2,2811,Hi,25,2,1,S,P,"small and pink, looking a lot like population 1",
2811 Hi 2,2811,Hi,25,2,2,S,P,"small and pink, looking a lot like population 1",
2811 Hi 2,2811,Hi,25,2,3,S,P,"small and pink, looking a lot like population 1",
2811 Hi 2,2811,Hi,25,2,4,S,P,"small and pink, looking a lot like population 1",
2811 Hi 2,2811,Hi,25,2,5,S,P,"small and pink, looking a lot like population 1",
2811 Hi 2,2811,Hi,25,2,6,S,P,"small and pink, looking a lot like population 1",
2811 Hi 2,2811,Hi,25,2,7,S,P,"small and pink, looking a lot like population 1",
2811 Hi 2,2811,Hi,25,2,8,S,P,"small and pink, looking a lot like population 1",
2811 Hi 2,2811,Hi,25,2,9,R,R,"small and pink, looking a lot like population 1. No distinction for resistant #9, maybe its smaller?",
2811 Hi 2,2811,Hi,25,2,10,S,P,"small and pink, looking a lot like population 1",
2811 Hi 2,2811,Hi,25,2,11,S,P,"small and pink, looking a lot like population 1",
2811 Hi 2,2811,Hi,25,2,12,S,P,"small and pink, looking a lot like population 1",
2811 Hi 3,2811,Hi,25,3,1,R,R,"colonies continue to be small and pink (darker than above populations 1,2)",
2811 Hi 3,2811,Hi,25,3,2,R,R,"colonies continue to be small and pink (darker than above populations 1,2)",
2811 Hi 3,2811,Hi,25,3,3,R,R,"colonies continue to be small and pink (darker than above populations 1,2)",
2811 Hi 3,2811,Hi,25,3,4,R,R,"colonies continue to be small and pink (darker than above populations 1,2)",
2811 Hi 3,2811,Hi,25,3,5,R,R,"colonies continue to be small and pink (darker than above populations 1,2)",
2811 Hi 3,2811,Hi,25,3,6,R,R,"colonies continue to be small and pink (darker than above populations 1,2)",
2811 Hi 3,2811,Hi,25,3,7,R,R,"colonies continue to be small and pink (darker than above populations 1,2)",
2811 Hi 3,2811,Hi,25,3,8,R,R,"colonies continue to be small and pink (darker than above populations 1,2)",
2811 Hi 3,2811,Hi,25,3,9,R,R,"colonies continue to be small and pink (darker than above populations 1,2)",
2811 Hi 3,2811,Hi,25,3,10,R,R,"colonies continue to be small and pink (darker than above populations 1,2)",
2811 Hi 3,2811,Hi,25,3,11,R,R,"colonies continue to be small and pink (darker than above populations 1,2)",
2811 Hi 3,2811,Hi,25,3,12,R,R,"colonies continue to be small and pink (darker than above populations 1,2)",
2811 Hi 2,2811,Hi,27,2,1,,P,re-ran these a bunch of times and am confident they are partially resistant,
2811 Hi 2,2811,Hi,27,2,2,,P,re-ran these a bunch of times and am confident they are partially resistant,
2811 Hi 2,2811,Hi,27,2,3,,P,re-ran these a bunch of times and am confident they are partially resistant,
2811 Hi 2,2811,Hi,27,2,4,,P,re-ran these a bunch of times and am confident they are partially resistant,
2811 Hi 2,2811,Hi,27,2,5,,P,re-ran these a bunch of times and am confident they are partially resistant,
2811 Hi 2,2811,Hi,27,2,6,,P,re-ran these a bunch of times and am confident they are partially resistant,
2811 Hi 2,2811,Hi,27,2,7,,P,re-ran these a bunch of times and am confident they are partially resistant,
2811 Hi 2,2811,Hi,27,2,8,,P,re-ran these a bunch of times and am confident they are partially resistant,
2811 Hi 2,2811,Hi,27,2,9,,P,re-ran these a bunch of times and am confident they are partially resistant,
2811 Hi 2,2811,Hi,27,2,10,,P,re-ran these a bunch of times and am confident they are partially resistant,
2811 Hi 2,2811,Hi,27,2,11,,P,re-ran these a bunch of times and am confident they are partially resistant,
2811 Hi 2,2811,Hi,27,2,12,,P,re-ran these a bunch of times and am confident they are partially resistant,
cI26 Hi 3,cI26,Hi,28,3,1,,R,,
cI26 Hi 3,cI26,Hi,28,3,2,,R,,
cI26 Hi 3,cI26,Hi,28,3,3,,R,,
cI26 Hi 3,cI26,Hi,28,3,4,,R,,
cI26 Hi 3,cI26,Hi,28,3,5,,R,,
cI26 Hi 3,cI26,Hi,28,3,6,,R,,
cI26 Hi 3,cI26,Hi,28,3,7,,R,,
cI26 Hi 3,cI26,Hi,28,3,8,,R,,
cI26 Hi 3,cI26,Hi,28,3,9,,R,,
cI26 Hi 3,cI26,Hi,28,3,10,,R,,
cI26 Hi 3,cI26,Hi,28,3,11,,R,,
cI26 Hi 3,cI26,Hi,28,3,12,,R,,
cI26 Hi 1,cI26,Hi,30,1,1,R,R,"This population continues to have big pink colonies. In addition to the plaque checking I did, suggests that coevolution here takes a very different path not on LamB receptor",
cI26 Hi 1,cI26,Hi,30,1,2,R,R,"This population continues to have big pink colonies. In addition to the plaque checking I did, suggests that coevolution here takes a very different path not on LamB receptor",
cI26 Hi 1,cI26,Hi,30,1,3,R,R,"This population continues to have big pink colonies. In addition to the plaque checking I did, suggests that coevolution here takes a very different path not on LamB receptor",
cI26 Hi 1,cI26,Hi,30,1,4,R,R,"This population continues to have big pink colonies. In addition to the plaque checking I did, suggests that coevolution here takes a very different path not on LamB receptor",
cI26 Hi 1,cI26,Hi,30,1,5,R,R,"This population continues to have big pink colonies. In addition to the plaque checking I did, suggests that coevolution here takes a very different path not on LamB receptor",
cI26 Hi 1,cI26,Hi,30,1,6,R,R,"This population continues to have big pink colonies. In addition to the plaque checking I did, suggests that coevolution here takes a very different path not on LamB receptor",
cI26 Hi 1,cI26,Hi,30,1,7,S,R,"This population continues to have big pink colonies. In addition to the plaque checking I did, suggests that coevolution here takes a very different path not on LamB receptor",
cI26 Hi 1,cI26,Hi,30,1,8,R,R,"This population continues to have big pink colonies. In addition to the plaque checking I did, suggests that coevolution here takes a very different path not on LamB receptor",
cI26 Hi 1,cI26,Hi,30,1,9,R,R,"This population continues to have big pink colonies. In addition to the plaque checking I did, suggests that coevolution here takes a very different path not on LamB receptor",
cI26 Hi 1,cI26,Hi,30,1,10,R,R,"This population continues to have big pink colonies. In addition to the plaque checking I did, suggests that coevolution here takes a very different path not on LamB receptor",
cI26 Hi 1,cI26,Hi,30,1,11,R,R,"This population continues to have big pink colonies. In addition to the plaque checking I did, suggests that coevolution here takes a very different path not on LamB receptor",
cI26 Hi 1,cI26,Hi,30,1,12,R,R,"This population continues to have big pink colonies. In addition to the plaque checking I did, suggests that coevolution here takes a very different path not on LamB receptor",
cI26 Hi 2,cI26,Hi,30,2,1,R,R,,
cI26 Hi 2,cI26,Hi,30,2,2,R,R,,
cI26 Hi 2,cI26,Hi,30,2,3,R,R,,
cI26 Hi 2,cI26,Hi,30,2,4,R,R,,
cI26 Hi 2,cI26,Hi,30,2,5,R,R,,
cI26 Hi 2,cI26,Hi,30,2,6,R,R,,
cI26 Hi 2,cI26,Hi,30,2,7,R,R,,
cI26 Hi 2,cI26,Hi,30,2,8,R,R,,
cI26 Hi 2,cI26,Hi,30,2,9,R,R,,
cI26 Hi 2,cI26,Hi,30,2,10,R,R,,
cI26 Hi 2,cI26,Hi,30,2,11,S,R,,
cI26 Hi 2,cI26,Hi,30,2,12,R,R,,
cI26 Hi 3,cI26,Hi,30,3,1,R,R,,
cI26 Hi 3,cI26,Hi,30,3,2,R,R,,
cI26 Hi 3,cI26,Hi,30,3,3,R,R,,
cI26 Hi 3,cI26,Hi,30,3,4,R,R,,
cI26 Hi 3,cI26,Hi,30,3,5,R,R,,
cI26 Hi 3,cI26,Hi,30,3,6,R,R,,
cI26 Hi 3,cI26,Hi,30,3,7,R,R,,
cI26 Hi 3,cI26,Hi,30,3,8,R,R,,
cI26 Hi 3,cI26,Hi,30,3,9,R,R,,
cI26 Hi 3,cI26,Hi,30,3,10,R,R,,
cI26 Hi 3,cI26,Hi,30,3,11,R,R,,
cI26 Hi 3,cI26,Hi,30,3,12,R,R,,
2811 Hi 1,2811,Hi,30,1,1,S,S,"Little pink colonies, populations 1 and 2 look very alike",
2811 Hi 1,2811,Hi,30,1,2,S,S,"Little pink colonies, populations 1 and 2 look very alike",
2811 Hi 1,2811,Hi,30,1,3,S,S,"Little pink colonies, populations 1 and 2 look very alike",
2811 Hi 1,2811,Hi,30,1,4,S,S,"Little pink colonies, populations 1 and 2 look very alike",
2811 Hi 1,2811,Hi,30,1,5,S,S,"Little pink colonies, populations 1 and 2 look very alike",
2811 Hi 1,2811,Hi,30,1,6,S,S,"Little pink colonies, populations 1 and 2 look very alike",
2811 Hi 1,2811,Hi,30,1,7,S,S,"Little pink colonies, populations 1 and 2 look very alike",
2811 Hi 1,2811,Hi,30,1,8,S,S,"Little pink colonies, populations 1 and 2 look very alike",
2811 Hi 1,2811,Hi,30,1,9,S,S,"Little pink colonies, populations 1 and 2 look very alike",
2811 Hi 1,2811,Hi,30,1,10,S,S,"Little pink colonies, populations 1 and 2 look very alike",
2811 Hi 1,2811,Hi,30,1,11,S,S,"Little pink colonies, populations 1 and 2 look very alike",
2811 Hi 1,2811,Hi,30,1,12,S,S,"Little pink colonies, populations 1 and 2 look very alike",
2811 Hi 2,2811,Hi,30,2,1,S,P,"Little pink colonies, populations 1 and 2 look very alike",
2811 Hi 2,2811,Hi,30,2,2,S,P,"Little pink colonies, populations 1 and 2 look very alike",
2811 Hi 2,2811,Hi,30,2,3,S,P,"Little pink colonies, populations 1 and 2 look very alike",
2811 Hi 2,2811,Hi,30,2,4,S,P,"Little pink colonies, populations 1 and 2 look very alike",
2811 Hi 2,2811,Hi,30,2,5,S,P,"Little pink colonies, populations 1 and 2 look very alike",
2811 Hi 2,2811,Hi,30,2,6,S,P,"Little pink colonies, populations 1 and 2 look very alike",
2811 Hi 2,2811,Hi,30,2,7,S,P,"Little pink colonies, populations 1 and 2 look very alike",
2811 Hi 2,2811,Hi,30,2,8,S,P,"Little pink colonies, populations 1 and 2 look very alike",
2811 Hi 2,2811,Hi,30,2,9,S,P,"Little pink colonies, populations 1 and 2 look very alike",
2811 Hi 2,2811,Hi,30,2,10,S,P,"Little pink colonies, populations 1 and 2 look very alike",
2811 Hi 2,2811,Hi,30,2,11,S,P,"Little pink colonies, populations 1 and 2 look very alike",
2811 Hi 2,2811,Hi,30,2,12,S,P,"Little pink colonies, populations 1 and 2 look very alike",
2811 Hi 3,2811,Hi,30,3,1,R,R,"Little darker pink colonies. Much smaller than populations 1,2. little pinpricks after 24hrs incubation.",I re-ran this on 6/20 and its definitely resistant
2811 Hi 3,2811,Hi,30,3,2,R,R,"Little darker pink colonies. Much smaller than populations 1,2. little pinpricks after 24hrs incubation.",
2811 Hi 3,2811,Hi,30,3,3,R,R,"Little darker pink colonies. Much smaller than populations 1,2. little pinpricks after 24hrs incubation.",
2811 Hi 3,2811,Hi,30,3,4,R,R,"Little darker pink colonies. Much smaller than populations 1,2. little pinpricks after 24hrs incubation.",
2811 Hi 3,2811,Hi,30,3,5,R,R,"Little darker pink colonies. Much smaller than populations 1,2. little pinpricks after 24hrs incubation.",
2811 Hi 3,2811,Hi,30,3,6,R,R,"Little darker pink colonies. Much smaller than populations 1,2. little pinpricks after 24hrs incubation.",
2811 Hi 3,2811,Hi,30,3,7,R,R,"Little darker pink colonies. Much smaller than populations 1,2. little pinpricks after 24hrs incubation.",
2811 Hi 3,2811,Hi,30,3,8,R,R,"Little darker pink colonies. Much smaller than populations 1,2. little pinpricks after 24hrs incubation.",
2811 Hi 3,2811,Hi,30,3,9,R,R,"Little darker pink colonies. Much smaller than populations 1,2. little pinpricks after 24hrs incubation.",
2811 Hi 3,2811,Hi,30,3,10,R,R,"Little darker pink colonies. Much smaller than populations 1,2. little pinpricks after 24hrs incubation.",
2811 Hi 3,2811,Hi,30,3,11,R,R,"Little darker pink colonies. Much smaller than populations 1,2. little pinpricks after 24hrs incubation.",
2811 Hi 3,2811,Hi,30,3,12,R,R,"Little darker pink colonies. Much smaller than populations 1,2. little pinpricks after 24hrs incubation.",
